experiment,model,condition,adversarial_type,outcome_metric,tertile,n_tasks,value_mean,ci_lo_95,ci_hi_95,ci_method,n_boot,seed
E1,CodeLlama-34B,baseline,,count,T_high,1,8.0,,,percentile_bootstrap,10000,42
E1,CodeLlama-34B,baseline,,count,T_low,3,8.0,8.0,8.0,percentile_bootstrap,10000,42
E1,CodeLlama-34B,baseline,,count,T_med,2,14.0,8.0,20.0,percentile_bootstrap,10000,42
E1,CodeLlama-34B,baseline,,cvr,T_high,1,1.0,,,percentile_bootstrap,10000,42
E1,CodeLlama-34B,baseline,,cvr,T_low,3,1.0,1.0,1.0,percentile_bootstrap,10000,42
E1,CodeLlama-34B,baseline,,cvr,T_med,2,1.0,1.0,1.0,percentile_bootstrap,10000,42
E1,CodeLlama-34B,baseline,,severity,T_high,1,1.0,,,percentile_bootstrap,10000,42
E1,CodeLlama-34B,baseline,,severity,T_low,3,1.0,1.0,1.0,percentile_bootstrap,10000,42
E1,CodeLlama-34B,baseline,,severity,T_med,2,1.0,1.0,1.0,percentile_bootstrap,10000,42
E1,CodeLlama-34B,safety,,count,T_high,3,4.0,0.0,7.0,percentile_bootstrap,10000,42
E1,CodeLlama-34B,safety,,count,T_low,4,2.0,0.0,5.25,percentile_bootstrap,10000,42
E1,CodeLlama-34B,safety,,count,T_med,1,3.5,,,percentile_bootstrap,10000,42
E1,CodeLlama-34B,safety,,cvr,T_high,3,0.666667,0.0,1.0,percentile_bootstrap,10000,42
E1,CodeLlama-34B,safety,,cvr,T_low,4,0.5,0.0,1.0,percentile_bootstrap,10000,42
E1,CodeLlama-34B,safety,,cvr,T_med,1,1.0,,,percentile_bootstrap,10000,42
E1,CodeLlama-34B,safety,,severity,T_high,3,0.4,0.0,0.6,percentile_bootstrap,10000,42
E1,CodeLlama-34B,safety,,severity,T_low,4,0.275,0.0,0.55,percentile_bootstrap,10000,42
E1,CodeLlama-34B,safety,,severity,T_med,1,0.55,,,percentile_bootstrap,10000,42
E1,DeepSeek-Coder-V2-16B,baseline,,count,T_high,3,13.555556,2.0,28.0,percentile_bootstrap,10000,42
E1,DeepSeek-Coder-V2-16B,baseline,,count,T_low,4,6.0,2.0,9.0,percentile_bootstrap,10000,42
E1,DeepSeek-Coder-V2-16B,baseline,,count,T_med,3,7.777778,6.0,11.333333,percentile_bootstrap,10000,42
E1,DeepSeek-Coder-V2-16B,baseline,,cvr,T_high,3,1.0,1.0,1.0,percentile_bootstrap,10000,42
E1,DeepSeek-Coder-V2-16B,baseline,,cvr,T_low,4,0.75,0.25,1.0,percentile_bootstrap,10000,42
E1,DeepSeek-Coder-V2-16B,baseline,,cvr,T_med,3,1.0,1.0,1.0,percentile_bootstrap,10000,42
E1,DeepSeek-Coder-V2-16B,baseline,,severity,T_high,3,0.7,0.7,0.7,percentile_bootstrap,10000,42
E1,DeepSeek-Coder-V2-16B,baseline,,severity,T_low,4,0.525,0.175,0.7,percentile_bootstrap,10000,42
E1,DeepSeek-Coder-V2-16B,baseline,,severity,T_med,3,0.733333,0.7,0.8,percentile_bootstrap,10000,42
E1,DeepSeek-Coder-V2-16B,safety,,count,T_high,5,3.666667,1.733333,5.733333,percentile_bootstrap,10000,42
E1,DeepSeek-Coder-V2-16B,safety,,count,T_low,5,4.266667,2.8,5.8,percentile_bootstrap,10000,42
E1,DeepSeek-Coder-V2-16B,safety,,count,T_med,5,3.6,2.4,4.8,percentile_bootstrap,10000,42
E1,DeepSeek-Coder-V2-16B,safety,,cvr,T_high,5,1.0,1.0,1.0,percentile_bootstrap,10000,42
E1,DeepSeek-Coder-V2-16B,safety,,cvr,T_low,5,1.0,1.0,1.0,percentile_bootstrap,10000,42
E1,DeepSeek-Coder-V2-16B,safety,,cvr,T_med,5,1.0,1.0,1.0,percentile_bootstrap,10000,42
E1,DeepSeek-Coder-V2-16B,safety,,severity,T_high,5,0.573333,0.533333,0.606667,percentile_bootstrap,10000,42
E1,DeepSeek-Coder-V2-16B,safety,,severity,T_low,5,0.653333,0.593333,0.693333,percentile_bootstrap,10000,42
E1,DeepSeek-Coder-V2-16B,safety,,severity,T_med,5,0.653333,0.62,0.686667,percentile_bootstrap,10000,42
E1,Qwen2.5-Coder-32B,baseline,,count,T_high,5,8.733333,5.6,13.866667,percentile_bootstrap,10000,42
E1,Qwen2.5-Coder-32B,baseline,,count,T_low,5,12.333333,9.133333,15.2,percentile_bootstrap,10000,42
E1,Qwen2.5-Coder-32B,baseline,,count,T_med,5,11.666667,9.066667,14.0,percentile_bootstrap,10000,42
E1,Qwen2.5-Coder-32B,baseline,,cvr,T_high,5,1.0,1.0,1.0,percentile_bootstrap,10000,42
E1,Qwen2.5-Coder-32B,baseline,,cvr,T_low,5,1.0,1.0,1.0,percentile_bootstrap,10000,42
E1,Qwen2.5-Coder-32B,baseline,,cvr,T_med,5,1.0,1.0,1.0,percentile_bootstrap,10000,42
E1,Qwen2.5-Coder-32B,baseline,,severity,T_high,5,0.88,0.78,0.98,percentile_bootstrap,10000,42
E1,Qwen2.5-Coder-32B,baseline,,severity,T_low,5,1.0,1.0,1.0,percentile_bootstrap,10000,42
E1,Qwen2.5-Coder-32B,baseline,,severity,T_med,5,0.88,0.76,1.0,percentile_bootstrap,10000,42
E1,Qwen2.5-Coder-32B,safety,,count,T_high,5,12.8,10.2,15.733333,percentile_bootstrap,10000,42
E1,Qwen2.5-Coder-32B,safety,,count,T_low,5,8.4,4.8,11.2,percentile_bootstrap,10000,42
E1,Qwen2.5-Coder-32B,safety,,count,T_med,5,10.0,8.733333,11.133333,percentile_bootstrap,10000,42
E1,Qwen2.5-Coder-32B,safety,,cvr,T_high,5,1.0,1.0,1.0,percentile_bootstrap,10000,42
E1,Qwen2.5-Coder-32B,safety,,cvr,T_low,5,1.0,1.0,1.0,percentile_bootstrap,10000,42
E1,Qwen2.5-Coder-32B,safety,,cvr,T_med,5,1.0,1.0,1.0,percentile_bootstrap,10000,42
E1,Qwen2.5-Coder-32B,safety,,severity,T_high,5,1.0,1.0,1.0,percentile_bootstrap,10000,42
E1,Qwen2.5-Coder-32B,safety,,severity,T_low,5,0.92,0.76,1.0,percentile_bootstrap,10000,42
E1,Qwen2.5-Coder-32B,safety,,severity,T_med,5,1.0,1.0,1.0,percentile_bootstrap,10000,42
E2,CodeLlama-34B,adversarial_A8.1,A8.1,count,T_high,1,30.0,,,percentile_bootstrap,10000,42
E2,CodeLlama-34B,adversarial_A8.1,A8.1,count,T_low,2,8.0,8.0,8.0,percentile_bootstrap,10000,42
E2,CodeLlama-34B,adversarial_A8.1,A8.1,count,T_med,2,8.0,8.0,8.0,percentile_bootstrap,10000,42
E2,CodeLlama-34B,adversarial_A8.1,A8.1,cvr,T_high,1,1.0,,,percentile_bootstrap,10000,42
E2,CodeLlama-34B,adversarial_A8.1,A8.1,cvr,T_low,2,1.0,1.0,1.0,percentile_bootstrap,10000,42
E2,CodeLlama-34B,adversarial_A8.1,A8.1,cvr,T_med,2,1.0,1.0,1.0,percentile_bootstrap,10000,42
E2,CodeLlama-34B,adversarial_A8.1,A8.1,severity,T_high,1,1.0,,,percentile_bootstrap,10000,42
E2,CodeLlama-34B,adversarial_A8.1,A8.1,severity,T_low,2,1.0,1.0,1.0,percentile_bootstrap,10000,42
E2,CodeLlama-34B,adversarial_A8.1,A8.1,severity,T_med,2,1.0,1.0,1.0,percentile_bootstrap,10000,42
E2,CodeLlama-34B,adversarial_A8.2,A8.2,count,T_high,1,8.0,,,percentile_bootstrap,10000,42
E2,CodeLlama-34B,adversarial_A8.2,A8.2,count,T_low,2,8.0,8.0,8.0,percentile_bootstrap,10000,42
E2,CodeLlama-34B,adversarial_A8.2,A8.2,count,T_med,1,20.0,,,percentile_bootstrap,10000,42
E2,CodeLlama-34B,adversarial_A8.2,A8.2,cvr,T_high,1,1.0,,,percentile_bootstrap,10000,42
E2,CodeLlama-34B,adversarial_A8.2,A8.2,cvr,T_low,2,1.0,1.0,1.0,percentile_bootstrap,10000,42
E2,CodeLlama-34B,adversarial_A8.2,A8.2,cvr,T_med,1,1.0,,,percentile_bootstrap,10000,42
E2,CodeLlama-34B,adversarial_A8.2,A8.2,severity,T_high,1,1.0,,,percentile_bootstrap,10000,42
E2,CodeLlama-34B,adversarial_A8.2,A8.2,severity,T_low,2,1.0,1.0,1.0,percentile_bootstrap,10000,42
E2,CodeLlama-34B,adversarial_A8.2,A8.2,severity,T_med,1,1.0,,,percentile_bootstrap,10000,42
E2,CodeLlama-34B,adversarial_A8.3,A8.3,count,T_high,1,8.0,,,percentile_bootstrap,10000,42
E2,CodeLlama-34B,adversarial_A8.3,A8.3,count,T_low,3,8.0,8.0,8.0,percentile_bootstrap,10000,42
E2,CodeLlama-34B,adversarial_A8.3,A8.3,count,T_med,3,12.0,8.0,20.0,percentile_bootstrap,10000,42
E2,CodeLlama-34B,adversarial_A8.3,A8.3,cvr,T_high,1,1.0,,,percentile_bootstrap,10000,42
E2,CodeLlama-34B,adversarial_A8.3,A8.3,cvr,T_low,3,1.0,1.0,1.0,percentile_bootstrap,10000,42
E2,CodeLlama-34B,adversarial_A8.3,A8.3,cvr,T_med,3,1.0,1.0,1.0,percentile_bootstrap,10000,42
E2,CodeLlama-34B,adversarial_A8.3,A8.3,severity,T_high,1,1.0,,,percentile_bootstrap,10000,42
E2,CodeLlama-34B,adversarial_A8.3,A8.3,severity,T_low,3,1.0,1.0,1.0,percentile_bootstrap,10000,42
E2,CodeLlama-34B,adversarial_A8.3,A8.3,severity,T_med,3,1.0,1.0,1.0,percentile_bootstrap,10000,42
E2,CodeLlama-34B,adversarial_A8.4,A8.4,count,T_high,1,8.0,,,percentile_bootstrap,10000,42
E2,CodeLlama-34B,adversarial_A8.4,A8.4,count,T_low,1,8.0,,,percentile_bootstrap,10000,42
E2,CodeLlama-34B,adversarial_A8.4,A8.4,count,T_med,4,12.5,6.0,20.0,percentile_bootstrap,10000,42
E2,CodeLlama-34B,adversarial_A8.4,A8.4,cvr,T_high,1,1.0,,,percentile_bootstrap,10000,42
E2,CodeLlama-34B,adversarial_A8.4,A8.4,cvr,T_low,1,1.0,,,percentile_bootstrap,10000,42
E2,CodeLlama-34B,adversarial_A8.4,A8.4,cvr,T_med,4,1.0,1.0,1.0,percentile_bootstrap,10000,42
E2,CodeLlama-34B,adversarial_A8.4,A8.4,severity,T_high,1,1.0,,,percentile_bootstrap,10000,42
E2,CodeLlama-34B,adversarial_A8.4,A8.4,severity,T_low,1,1.0,,,percentile_bootstrap,10000,42
E2,CodeLlama-34B,adversarial_A8.4,A8.4,severity,T_med,4,0.925,0.775,1.0,percentile_bootstrap,10000,42
E2,CodeLlama-34B,adversarial_A8.5,A8.5,count,T_high,1,14.0,,,percentile_bootstrap,10000,42
E2,CodeLlama-34B,adversarial_A8.5,A8.5,count,T_low,2,8.0,8.0,8.0,percentile_bootstrap,10000,42
E2,CodeLlama-34B,adversarial_A8.5,A8.5,count,T_med,2,8.0,8.0,8.0,percentile_bootstrap,10000,42
E2,CodeLlama-34B,adversarial_A8.5,A8.5,cvr,T_high,1,1.0,,,percentile_bootstrap,10000,42
E2,CodeLlama-34B,adversarial_A8.5,A8.5,cvr,T_low,2,1.0,1.0,1.0,percentile_bootstrap,10000,42
E2,CodeLlama-34B,adversarial_A8.5,A8.5,cvr,T_med,2,1.0,1.0,1.0,percentile_bootstrap,10000,42
E2,CodeLlama-34B,adversarial_A8.5,A8.5,severity,T_high,1,1.0,,,percentile_bootstrap,10000,42
E2,CodeLlama-34B,adversarial_A8.5,A8.5,severity,T_low,2,1.0,1.0,1.0,percentile_bootstrap,10000,42
E2,CodeLlama-34B,adversarial_A8.5,A8.5,severity,T_med,2,1.0,1.0,1.0,percentile_bootstrap,10000,42
E2,CodeLlama-34B,adversarial_A8.6,A8.6,count,T_low,2,8.0,8.0,8.0,percentile_bootstrap,10000,42
E2,CodeLlama-34B,adversarial_A8.6,A8.6,count,T_med,3,6.666667,4.0,8.0,percentile_bootstrap,10000,42
E2,CodeLlama-34B,adversarial_A8.6,A8.6,cvr,T_low,2,1.0,1.0,1.0,percentile_bootstrap,10000,42
E2,CodeLlama-34B,adversarial_A8.6,A8.6,cvr,T_med,3,1.0,1.0,1.0,percentile_bootstrap,10000,42
E2,CodeLlama-34B,adversarial_A8.6,A8.6,severity,T_low,2,1.0,1.0,1.0,percentile_bootstrap,10000,42
E2,CodeLlama-34B,adversarial_A8.6,A8.6,severity,T_med,3,0.9,0.7,1.0,percentile_bootstrap,10000,42
E2,CodeLlama-34B,adversarial_A8.7,A8.7,count,T_high,2,23.0,16.0,30.0,percentile_bootstrap,10000,42
E2,CodeLlama-34B,adversarial_A8.7,A8.7,count,T_low,2,14.0,6.0,22.0,percentile_bootstrap,10000,42
E2,CodeLlama-34B,adversarial_A8.7,A8.7,count,T_med,2,9.5,6.0,13.0,percentile_bootstrap,10000,42
E2,CodeLlama-34B,adversarial_A8.7,A8.7,cvr,T_high,2,1.0,1.0,1.0,percentile_bootstrap,10000,42
E2,CodeLlama-34B,adversarial_A8.7,A8.7,cvr,T_low,2,1.0,1.0,1.0,percentile_bootstrap,10000,42
E2,CodeLlama-34B,adversarial_A8.7,A8.7,cvr,T_med,2,1.0,1.0,1.0,percentile_bootstrap,10000,42
E2,CodeLlama-34B,adversarial_A8.7,A8.7,severity,T_high,2,1.0,1.0,1.0,percentile_bootstrap,10000,42
E2,CodeLlama-34B,adversarial_A8.7,A8.7,severity,T_low,2,0.85,0.7,1.0,percentile_bootstrap,10000,42
E2,CodeLlama-34B,adversarial_A8.7,A8.7,severity,T_med,2,0.7,0.7,0.7,percentile_bootstrap,10000,42
E2,DeepSeek-Coder-V2-16B,adversarial_A8.1,A8.1,count,T_high,4,6.0,3.0,9.0,percentile_bootstrap,10000,42
E2,DeepSeek-Coder-V2-16B,adversarial_A8.1,A8.1,count,T_low,1,9.0,,,percentile_bootstrap,10000,42
E2,DeepSeek-Coder-V2-16B,adversarial_A8.1,A8.1,count,T_med,1,12.0,,,percentile_bootstrap,10000,42
E2,DeepSeek-Coder-V2-16B,adversarial_A8.1,A8.1,cvr,T_high,4,1.0,1.0,1.0,percentile_bootstrap,10000,42
E2,DeepSeek-Coder-V2-16B,adversarial_A8.1,A8.1,cvr,T_low,1,1.0,,,percentile_bootstrap,10000,42
E2,DeepSeek-Coder-V2-16B,adversarial_A8.1,A8.1,cvr,T_med,1,1.0,,,percentile_bootstrap,10000,42
E2,DeepSeek-Coder-V2-16B,adversarial_A8.1,A8.1,severity,T_high,4,0.775,0.7,0.925,percentile_bootstrap,10000,42
E2,DeepSeek-Coder-V2-16B,adversarial_A8.1,A8.1,severity,T_low,1,1.0,,,percentile_bootstrap,10000,42
E2,DeepSeek-Coder-V2-16B,adversarial_A8.1,A8.1,severity,T_med,1,0.7,,,percentile_bootstrap,10000,42
E2,DeepSeek-Coder-V2-16B,adversarial_A8.2,A8.2,count,T_high,3,2.0,2.0,2.0,percentile_bootstrap,10000,42
E2,DeepSeek-Coder-V2-16B,adversarial_A8.2,A8.2,count,T_low,5,8.0,2.0,15.2,percentile_bootstrap,10000,42
E2,DeepSeek-Coder-V2-16B,adversarial_A8.2,A8.2,count,T_med,1,6.0,,,percentile_bootstrap,10000,42
E2,DeepSeek-Coder-V2-16B,adversarial_A8.2,A8.2,cvr,T_high,3,1.0,1.0,1.0,percentile_bootstrap,10000,42
E2,DeepSeek-Coder-V2-16B,adversarial_A8.2,A8.2,cvr,T_low,5,1.0,1.0,1.0,percentile_bootstrap,10000,42
E2,DeepSeek-Coder-V2-16B,adversarial_A8.2,A8.2,cvr,T_med,1,1.0,,,percentile_bootstrap,10000,42
E2,DeepSeek-Coder-V2-16B,adversarial_A8.2,A8.2,severity,T_high,3,0.7,0.7,0.7,percentile_bootstrap,10000,42
E2,DeepSeek-Coder-V2-16B,adversarial_A8.2,A8.2,severity,T_low,5,0.7,0.7,0.7,percentile_bootstrap,10000,42
E2,DeepSeek-Coder-V2-16B,adversarial_A8.2,A8.2,severity,T_med,1,0.7,,,percentile_bootstrap,10000,42
E2,DeepSeek-Coder-V2-16B,adversarial_A8.3,A8.3,count,T_high,4,8.0,2.5,16.5,percentile_bootstrap,10000,42
E2,DeepSeek-Coder-V2-16B,adversarial_A8.3,A8.3,count,T_low,2,8.0,8.0,8.0,percentile_bootstrap,10000,42
E2,DeepSeek-Coder-V2-16B,adversarial_A8.3,A8.3,count,T_med,1,8.0,,,percentile_bootstrap,10000,42
E2,DeepSeek-Coder-V2-16B,adversarial_A8.3,A8.3,cvr,T_high,4,1.0,1.0,1.0,percentile_bootstrap,10000,42
E2,DeepSeek-Coder-V2-16B,adversarial_A8.3,A8.3,cvr,T_low,2,1.0,1.0,1.0,percentile_bootstrap,10000,42
E2,DeepSeek-Coder-V2-16B,adversarial_A8.3,A8.3,cvr,T_med,1,1.0,,,percentile_bootstrap,10000,42
E2,DeepSeek-Coder-V2-16B,adversarial_A8.3,A8.3,severity,T_high,4,0.7,0.7,0.7,percentile_bootstrap,10000,42
E2,DeepSeek-Coder-V2-16B,adversarial_A8.3,A8.3,severity,T_low,2,0.7,0.7,0.7,percentile_bootstrap,10000,42
E2,DeepSeek-Coder-V2-16B,adversarial_A8.3,A8.3,severity,T_med,1,0.7,,,percentile_bootstrap,10000,42
E2,DeepSeek-Coder-V2-16B,adversarial_A8.4,A8.4,count,T_high,2,8.0,8.0,8.0,percentile_bootstrap,10000,42
E2,DeepSeek-Coder-V2-16B,adversarial_A8.4,A8.4,count,T_low,3,3.666667,1.0,8.0,percentile_bootstrap,10000,42
E2,DeepSeek-Coder-V2-16B,adversarial_A8.4,A8.4,count,T_med,1,14.0,,,percentile_bootstrap,10000,42
E2,DeepSeek-Coder-V2-16B,adversarial_A8.4,A8.4,cvr,T_high,2,1.0,1.0,1.0,percentile_bootstrap,10000,42
E2,DeepSeek-Coder-V2-16B,adversarial_A8.4,A8.4,cvr,T_low,3,1.0,1.0,1.0,percentile_bootstrap,10000,42
E2,DeepSeek-Coder-V2-16B,adversarial_A8.4,A8.4,cvr,T_med,1,1.0,,,percentile_bootstrap,10000,42
E2,DeepSeek-Coder-V2-16B,adversarial_A8.4,A8.4,severity,T_high,2,0.7,0.7,0.7,percentile_bootstrap,10000,42
E2,DeepSeek-Coder-V2-16B,adversarial_A8.4,A8.4,severity,T_low,3,0.8,0.7,1.0,percentile_bootstrap,10000,42
E2,DeepSeek-Coder-V2-16B,adversarial_A8.4,A8.4,severity,T_med,1,0.7,,,percentile_bootstrap,10000,42
E2,DeepSeek-Coder-V2-16B,adversarial_A8.5,A8.5,count,T_high,5,11.4,6.0,16.4,percentile_bootstrap,10000,42
E2,DeepSeek-Coder-V2-16B,adversarial_A8.5,A8.5,count,T_low,4,4.5,2.0,9.5,percentile_bootstrap,10000,42
E2,DeepSeek-Coder-V2-16B,adversarial_A8.5,A8.5,count,T_med,2,4.5,3.0,6.0,percentile_bootstrap,10000,42
E2,DeepSeek-Coder-V2-16B,adversarial_A8.5,A8.5,cvr,T_high,5,1.0,1.0,1.0,percentile_bootstrap,10000,42
E2,DeepSeek-Coder-V2-16B,adversarial_A8.5,A8.5,cvr,T_low,4,1.0,1.0,1.0,percentile_bootstrap,10000,42
E2,DeepSeek-Coder-V2-16B,adversarial_A8.5,A8.5,cvr,T_med,2,1.0,1.0,1.0,percentile_bootstrap,10000,42
E2,DeepSeek-Coder-V2-16B,adversarial_A8.5,A8.5,severity,T_high,5,0.7,0.7,0.7,percentile_bootstrap,10000,42
E2,DeepSeek-Coder-V2-16B,adversarial_A8.5,A8.5,severity,T_low,4,0.7,0.7,0.7,percentile_bootstrap,10000,42
E2,DeepSeek-Coder-V2-16B,adversarial_A8.5,A8.5,severity,T_med,2,0.7,0.7,0.7,percentile_bootstrap,10000,42
E2,DeepSeek-Coder-V2-16B,adversarial_A8.6,A8.6,count,T_high,1,3.0,,,percentile_bootstrap,10000,42
E2,DeepSeek-Coder-V2-16B,adversarial_A8.6,A8.6,count,T_low,1,24.0,,,percentile_bootstrap,10000,42
E2,DeepSeek-Coder-V2-16B,adversarial_A8.6,A8.6,count,T_med,3,14.0,6.0,22.0,percentile_bootstrap,10000,42
E2,DeepSeek-Coder-V2-16B,adversarial_A8.6,A8.6,cvr,T_high,1,1.0,,,percentile_bootstrap,10000,42
E2,DeepSeek-Coder-V2-16B,adversarial_A8.6,A8.6,cvr,T_low,1,1.0,,,percentile_bootstrap,10000,42
E2,DeepSeek-Coder-V2-16B,adversarial_A8.6,A8.6,cvr,T_med,3,1.0,1.0,1.0,percentile_bootstrap,10000,42
E2,DeepSeek-Coder-V2-16B,adversarial_A8.6,A8.6,severity,T_high,1,0.7,,,percentile_bootstrap,10000,42
E2,DeepSeek-Coder-V2-16B,adversarial_A8.6,A8.6,severity,T_low,1,1.0,,,percentile_bootstrap,10000,42
E2,DeepSeek-Coder-V2-16B,adversarial_A8.6,A8.6,severity,T_med,3,0.8,0.7,1.0,percentile_bootstrap,10000,42
E2,DeepSeek-Coder-V2-16B,adversarial_A8.7,A8.7,count,T_high,1,6.0,,,percentile_bootstrap,10000,42
E2,DeepSeek-Coder-V2-16B,adversarial_A8.7,A8.7,count,T_low,2,4.0,2.0,6.0,percentile_bootstrap,10000,42
E2,DeepSeek-Coder-V2-16B,adversarial_A8.7,A8.7,count,T_med,2,9.0,6.0,12.0,percentile_bootstrap,10000,42
E2,DeepSeek-Coder-V2-16B,adversarial_A8.7,A8.7,cvr,T_high,1,1.0,,,percentile_bootstrap,10000,42
E2,DeepSeek-Coder-V2-16B,adversarial_A8.7,A8.7,cvr,T_low,2,1.0,1.0,1.0,percentile_bootstrap,10000,42
E2,DeepSeek-Coder-V2-16B,adversarial_A8.7,A8.7,cvr,T_med,2,1.0,1.0,1.0,percentile_bootstrap,10000,42
E2,DeepSeek-Coder-V2-16B,adversarial_A8.7,A8.7,severity,T_high,1,0.7,,,percentile_bootstrap,10000,42
E2,DeepSeek-Coder-V2-16B,adversarial_A8.7,A8.7,severity,T_low,2,0.7,0.7,0.7,percentile_bootstrap,10000,42
E2,DeepSeek-Coder-V2-16B,adversarial_A8.7,A8.7,severity,T_med,2,0.7,0.7,0.7,percentile_bootstrap,10000,42
E2,Qwen2.5-Coder-32B,adversarial_A8.1,A8.1,count,T_high,5,13.8,10.4,17.4,percentile_bootstrap,10000,42
E2,Qwen2.5-Coder-32B,adversarial_A8.1,A8.1,count,T_low,5,13.2,11.2,14.8,percentile_bootstrap,10000,42
E2,Qwen2.5-Coder-32B,adversarial_A8.1,A8.1,count,T_med,5,9.6,6.8,12.4,percentile_bootstrap,10000,42
E2,Qwen2.5-Coder-32B,adversarial_A8.1,A8.1,cvr,T_high,5,1.0,1.0,1.0,percentile_bootstrap,10000,42
E2,Qwen2.5-Coder-32B,adversarial_A8.1,A8.1,cvr,T_low,5,1.0,1.0,1.0,percentile_bootstrap,10000,42
E2,Qwen2.5-Coder-32B,adversarial_A8.1,A8.1,cvr,T_med,5,1.0,1.0,1.0,percentile_bootstrap,10000,42
E2,Qwen2.5-Coder-32B,adversarial_A8.1,A8.1,severity,T_high,5,1.0,1.0,1.0,percentile_bootstrap,10000,42
E2,Qwen2.5-Coder-32B,adversarial_A8.1,A8.1,severity,T_low,5,1.0,1.0,1.0,percentile_bootstrap,10000,42
E2,Qwen2.5-Coder-32B,adversarial_A8.1,A8.1,severity,T_med,5,0.94,0.82,1.0,percentile_bootstrap,10000,42
E2,Qwen2.5-Coder-32B,adversarial_A8.2,A8.2,count,T_high,5,11.8,4.6,19.0,percentile_bootstrap,10000,42
E2,Qwen2.5-Coder-32B,adversarial_A8.2,A8.2,count,T_low,5,11.8,9.4,14.0,percentile_bootstrap,10000,42
E2,Qwen2.5-Coder-32B,adversarial_A8.2,A8.2,count,T_med,5,9.2,6.4,12.0,percentile_bootstrap,10000,42
E2,Qwen2.5-Coder-32B,adversarial_A8.2,A8.2,cvr,T_high,5,1.0,1.0,1.0,percentile_bootstrap,10000,42
E2,Qwen2.5-Coder-32B,adversarial_A8.2,A8.2,cvr,T_low,5,1.0,1.0,1.0,percentile_bootstrap,10000,42
E2,Qwen2.5-Coder-32B,adversarial_A8.2,A8.2,cvr,T_med,5,1.0,1.0,1.0,percentile_bootstrap,10000,42
E2,Qwen2.5-Coder-32B,adversarial_A8.2,A8.2,severity,T_high,5,0.84,0.64,1.0,percentile_bootstrap,10000,42
E2,Qwen2.5-Coder-32B,adversarial_A8.2,A8.2,severity,T_low,5,0.94,0.82,1.0,percentile_bootstrap,10000,42
E2,Qwen2.5-Coder-32B,adversarial_A8.2,A8.2,severity,T_med,5,1.0,1.0,1.0,percentile_bootstrap,10000,42
E2,Qwen2.5-Coder-32B,adversarial_A8.3,A8.3,count,T_high,5,12.6,8.6,16.8,percentile_bootstrap,10000,42
E2,Qwen2.5-Coder-32B,adversarial_A8.3,A8.3,count,T_low,5,11.4,8.0,14.8,percentile_bootstrap,10000,42
E2,Qwen2.5-Coder-32B,adversarial_A8.3,A8.3,count,T_med,5,9.0,6.2,11.8,percentile_bootstrap,10000,42
E2,Qwen2.5-Coder-32B,adversarial_A8.3,A8.3,cvr,T_high,5,1.0,1.0,1.0,percentile_bootstrap,10000,42
E2,Qwen2.5-Coder-32B,adversarial_A8.3,A8.3,cvr,T_low,5,1.0,1.0,1.0,percentile_bootstrap,10000,42
E2,Qwen2.5-Coder-32B,adversarial_A8.3,A8.3,cvr,T_med,5,1.0,1.0,1.0,percentile_bootstrap,10000,42
E2,Qwen2.5-Coder-32B,adversarial_A8.3,A8.3,severity,T_high,5,1.0,1.0,1.0,percentile_bootstrap,10000,42
E2,Qwen2.5-Coder-32B,adversarial_A8.3,A8.3,severity,T_low,5,1.0,1.0,1.0,percentile_bootstrap,10000,42
E2,Qwen2.5-Coder-32B,adversarial_A8.3,A8.3,severity,T_med,5,1.0,1.0,1.0,percentile_bootstrap,10000,42
E2,Qwen2.5-Coder-32B,adversarial_A8.4,A8.4,count,T_high,5,22.6,15.6,31.8,percentile_bootstrap,10000,42
E2,Qwen2.5-Coder-32B,adversarial_A8.4,A8.4,count,T_low,5,27.8,21.0,33.6,percentile_bootstrap,10000,42
E2,Qwen2.5-Coder-32B,adversarial_A8.4,A8.4,count,T_med,5,17.8,13.4,20.4,percentile_bootstrap,10000,42
E2,Qwen2.5-Coder-32B,adversarial_A8.4,A8.4,cvr,T_high,5,1.0,1.0,1.0,percentile_bootstrap,10000,42
E2,Qwen2.5-Coder-32B,adversarial_A8.4,A8.4,cvr,T_low,5,1.0,1.0,1.0,percentile_bootstrap,10000,42
E2,Qwen2.5-Coder-32B,adversarial_A8.4,A8.4,cvr,T_med,5,1.0,1.0,1.0,percentile_bootstrap,10000,42
E2,Qwen2.5-Coder-32B,adversarial_A8.4,A8.4,severity,T_high,5,1.0,1.0,1.0,percentile_bootstrap,10000,42
E2,Qwen2.5-Coder-32B,adversarial_A8.4,A8.4,severity,T_low,5,1.0,1.0,1.0,percentile_bootstrap,10000,42
E2,Qwen2.5-Coder-32B,adversarial_A8.4,A8.4,severity,T_med,5,1.0,1.0,1.0,percentile_bootstrap,10000,42
E2,Qwen2.5-Coder-32B,adversarial_A8.5,A8.5,count,T_high,5,15.2,10.0,20.6,percentile_bootstrap,10000,42
E2,Qwen2.5-Coder-32B,adversarial_A8.5,A8.5,count,T_low,5,14.6,9.8,18.8,percentile_bootstrap,10000,42
E2,Qwen2.5-Coder-32B,adversarial_A8.5,A8.5,count,T_med,5,10.8,9.2,12.2,percentile_bootstrap,10000,42
E2,Qwen2.5-Coder-32B,adversarial_A8.5,A8.5,cvr,T_high,5,1.0,1.0,1.0,percentile_bootstrap,10000,42
E2,Qwen2.5-Coder-32B,adversarial_A8.5,A8.5,cvr,T_low,5,1.0,1.0,1.0,percentile_bootstrap,10000,42
E2,Qwen2.5-Coder-32B,adversarial_A8.5,A8.5,cvr,T_med,5,1.0,1.0,1.0,percentile_bootstrap,10000,42
E2,Qwen2.5-Coder-32B,adversarial_A8.5,A8.5,severity,T_high,5,0.94,0.82,1.0,percentile_bootstrap,10000,42
E2,Qwen2.5-Coder-32B,adversarial_A8.5,A8.5,severity,T_low,5,0.94,0.82,1.0,percentile_bootstrap,10000,42
E2,Qwen2.5-Coder-32B,adversarial_A8.5,A8.5,severity,T_med,5,1.0,1.0,1.0,percentile_bootstrap,10000,42
E2,Qwen2.5-Coder-32B,adversarial_A8.6,A8.6,count,T_high,5,12.6,11.2,14.4,percentile_bootstrap,10000,42
E2,Qwen2.5-Coder-32B,adversarial_A8.6,A8.6,count,T_low,5,14.4,11.8,17.0,percentile_bootstrap,10000,42
E2,Qwen2.5-Coder-32B,adversarial_A8.6,A8.6,count,T_med,5,11.2,8.0,14.0,percentile_bootstrap,10000,42
E2,Qwen2.5-Coder-32B,adversarial_A8.6,A8.6,cvr,T_high,5,1.0,1.0,1.0,percentile_bootstrap,10000,42
E2,Qwen2.5-Coder-32B,adversarial_A8.6,A8.6,cvr,T_low,5,1.0,1.0,1.0,percentile_bootstrap,10000,42
E2,Qwen2.5-Coder-32B,adversarial_A8.6,A8.6,cvr,T_med,5,1.0,1.0,1.0,percentile_bootstrap,10000,42
E2,Qwen2.5-Coder-32B,adversarial_A8.6,A8.6,severity,T_high,5,1.0,1.0,1.0,percentile_bootstrap,10000,42
E2,Qwen2.5-Coder-32B,adversarial_A8.6,A8.6,severity,T_low,5,0.94,0.82,1.0,percentile_bootstrap,10000,42
E2,Qwen2.5-Coder-32B,adversarial_A8.6,A8.6,severity,T_med,5,0.94,0.82,1.0,percentile_bootstrap,10000,42
E2,Qwen2.5-Coder-32B,adversarial_A8.7,A8.7,count,T_high,5,13.6,11.0,16.2,percentile_bootstrap,10000,42
E2,Qwen2.5-Coder-32B,adversarial_A8.7,A8.7,count,T_low,5,16.0,13.2,20.0,percentile_bootstrap,10000,42
E2,Qwen2.5-Coder-32B,adversarial_A8.7,A8.7,count,T_med,5,8.2,6.8,9.4,percentile_bootstrap,10000,42
E2,Qwen2.5-Coder-32B,adversarial_A8.7,A8.7,cvr,T_high,5,1.0,1.0,1.0,percentile_bootstrap,10000,42
E2,Qwen2.5-Coder-32B,adversarial_A8.7,A8.7,cvr,T_low,5,1.0,1.0,1.0,percentile_bootstrap,10000,42
E2,Qwen2.5-Coder-32B,adversarial_A8.7,A8.7,cvr,T_med,5,1.0,1.0,1.0,percentile_bootstrap,10000,42
E2,Qwen2.5-Coder-32B,adversarial_A8.7,A8.7,severity,T_high,5,1.0,1.0,1.0,percentile_bootstrap,10000,42
E2,Qwen2.5-Coder-32B,adversarial_A8.7,A8.7,severity,T_low,5,1.0,1.0,1.0,percentile_bootstrap,10000,42
E2,Qwen2.5-Coder-32B,adversarial_A8.7,A8.7,severity,T_med,5,1.0,1.0,1.0,percentile_bootstrap,10000,42
E3,CodeLlama-34B,baseline,,count,T_high,1,30.0,,,percentile_bootstrap,10000,42
E3,CodeLlama-34B,baseline,,count,T_low,2,15.0,8.0,22.0,percentile_bootstrap,10000,42
E3,CodeLlama-34B,baseline,,count,T_med,2,16.333333,14.666667,18.0,percentile_bootstrap,10000,42
E3,CodeLlama-34B,baseline,,cvr,T_high,1,1.0,,,percentile_bootstrap,10000,42
E3,CodeLlama-34B,baseline,,cvr,T_low,2,1.0,1.0,1.0,percentile_bootstrap,10000,42
E3,CodeLlama-34B,baseline,,cvr,T_med,2,1.0,1.0,1.0,percentile_bootstrap,10000,42
E3,CodeLlama-34B,baseline,,severity,T_high,1,1.0,,,percentile_bootstrap,10000,42
E3,CodeLlama-34B,baseline,,severity,T_low,2,1.0,1.0,1.0,percentile_bootstrap,10000,42
E3,CodeLlama-34B,baseline,,severity,T_med,2,0.95,0.9,1.0,percentile_bootstrap,10000,42
E3,DeepSeek-Coder-V2-16B,baseline,,count,T_high,4,4.916667,2.25,7.5,percentile_bootstrap,10000,42
E3,DeepSeek-Coder-V2-16B,baseline,,count,T_low,4,8.583333,6.75,10.5,percentile_bootstrap,10000,42
E3,DeepSeek-Coder-V2-16B,baseline,,count,T_med,2,7.333333,6.666667,8.0,percentile_bootstrap,10000,42
E3,DeepSeek-Coder-V2-16B,baseline,,cvr,T_high,4,1.0,1.0,1.0,percentile_bootstrap,10000,42
E3,DeepSeek-Coder-V2-16B,baseline,,cvr,T_low,4,1.0,1.0,1.0,percentile_bootstrap,10000,42
E3,DeepSeek-Coder-V2-16B,baseline,,cvr,T_med,2,1.0,1.0,1.0,percentile_bootstrap,10000,42
E3,DeepSeek-Coder-V2-16B,baseline,,severity,T_high,4,0.7,0.7,0.7,percentile_bootstrap,10000,42
E3,DeepSeek-Coder-V2-16B,baseline,,severity,T_low,4,0.725,0.7,0.775,percentile_bootstrap,10000,42
E3,DeepSeek-Coder-V2-16B,baseline,,severity,T_med,2,0.7,0.7,0.7,percentile_bootstrap,10000,42
E3,Qwen2.5-Coder-32B,baseline,,count,T_high,5,13.8,6.4,24.4,percentile_bootstrap,10000,42
E3,Qwen2.5-Coder-32B,baseline,,count,T_low,5,10.2,8.8,11.6,percentile_bootstrap,10000,42
E3,Qwen2.5-Coder-32B,baseline,,count,T_med,5,9.933333,6.933333,13.133333,percentile_bootstrap,10000,42
E3,Qwen2.5-Coder-32B,baseline,,cvr,T_high,5,1.0,1.0,1.0,percentile_bootstrap,10000,42
E3,Qwen2.5-Coder-32B,baseline,,cvr,T_low,5,1.0,1.0,1.0,percentile_bootstrap,10000,42
E3,Qwen2.5-Coder-32B,baseline,,cvr,T_med,5,1.0,1.0,1.0,percentile_bootstrap,10000,42
E3,Qwen2.5-Coder-32B,baseline,,severity,T_high,5,0.9,0.78,1.0,percentile_bootstrap,10000,42
E3,Qwen2.5-Coder-32B,baseline,,severity,T_low,5,0.94,0.82,1.0,percentile_bootstrap,10000,42
E3,Qwen2.5-Coder-32B,baseline,,severity,T_med,5,0.96,0.88,1.0,percentile_bootstrap,10000,42
